表1-2-10 高級中等學校畢業生就業情況—按群別分,,,,,,,,,,,,,,,,,,,,,,,,,,,,,,,,,,,,,,,,,,,,,,
102 學年度 2013-2014,,,,,,,,,,,,,,,,,,,,,,,,,,,,,,,,,,,,,,,,,,,,,,
單位：人；％,,,,,,,,,,,,,,,,,,,,,,,,,,,,,,,,,,,,,,,,,,,,,,
,,,,人數,,,,,,,,,,,,,,,,,,,,,比率,,,,,,,,,,,,,,,,,,,,,
,,,,"畢業生
總計","已就業
計","農、
林、
漁、
牧業","礦業及
土石
採取業",製造業,"電力及
燃氣
供應業","用水供
應及
污染
整治業",營造業,"批發及
零售業","運輸及
倉儲業","住宿及
餐飲業","資訊及
通訊
傳播業","金融
及
保險業","不動產
業","專業、
科學及
技術
服務業","支援
服務業","公共行
政及國
防；強
制性社
會安全","教育
服務業","醫療保
健及社
會工作
服務業","藝術、
娛樂及
休閒
服務業","其他
服務業","畢業生
總計","已就業
計","農、
林、
漁、
牧業","礦業及
土石
採取業",製造業,"電力及
燃氣
供應業","用水供
應及
污染
整治業",營造業,"批發及
零售業","運輸及
倉儲業","住宿及
餐飲業","資訊及
通訊
傳播業","金融
及
保險業","不動產
業","專業、
科學及
技術
服務業","支援
服務業","公共行
政及國
防；強
制性社
會安全","教育
服務業","醫療保
健及社
會工作
服務業","藝術、
娛樂及
休閒
服務業","其他
服務業",
總　計,,,,"255,319","20,885",516,93,"2,477",208,31,635,"1,526",529,"5,641",295,76,23,"1,711",573,"1,569",67,106,922,"3,887",100.00,8.18,0.20,0.04,0.97,0.08,0.01,0.25,0.60,0.21,2.21,0.12,0.03,0.01,0.67,0.22,0.61,0.03,0.04,0.36,1.52,
,普通科,,,"103,538",629,12,1,32,5, -,19,32,6,84,7, -,1,9,15,235,7,3,51,110,100.00,0.61,0.01,0.00,0.03,0.00, -,0.02,0.03,0.01,0.08,0.01, -,0.00,0.01,0.01,0.23,0.01,0.00,0.05,0.11,
,職業科,,,"113,779","14,346",348,57,"1,716",125,21,411,"1,060",343,"4,017",193,54,15,"1,188",403,901,45,78,605,"2,766",100.00,12.61,0.31,0.05,1.51,0.11,0.02,0.36,0.93,0.30,3.53,0.17,0.05,0.01,1.04,0.35,0.79,0.04,0.07,0.53,2.43,
,,,機械群,"8,093",482,11,1,199,2, -,25,25,10,40,2, -, -,34,18,41,7,2,8,57,100.00,5.96,0.14,0.01,2.46,0.02, -,0.31,0.31,0.12,0.49,0.02, -, -,0.42,0.22,0.51,0.09,0.02,0.10,0.70,
,,,動力機械群,"5,881","1,769",75,14,344,11,8,93,91,149,129,6,3,4,297,29,149,1,2,28,336,100.00,30.08,1.28,0.24,5.85,0.19,0.14,1.58,1.55,2.53,2.19,0.10,0.05,0.07,5.05,0.49,2.53,0.02,0.03,0.48,5.71,
,,,電機與電子群,"20,738","1,978",63,12,525,60,3,106,127,43,283,67,11, -,98,55,171,1,5,47,301,100.00,9.54,0.30,0.06,2.53,0.29,0.01,0.51,0.61,0.21,1.36,0.32,0.05, -,0.47,0.27,0.82, -,0.02,0.23,1.45,
,,,化工群,"1,438",37,1, -,6, -, -,1, -, -,10,2, -, -,4, -,9, -,1, -,3,100.00,2.57,0.07, -,0.42, -, -,0.07, -, -,0.70,0.14, -, -,0.28, -,0.63, -,0.07, -,0.21,
,,,土木與建築群,"1,927",92,4, -,5, -, -,9,7, -,22, -, -, -,1,1,26, -, -, -,17,100.00,4.77,0.21, -,0.26, -, -,0.47,0.36, -,1.14, -, -, -,0.05,0.05,1.35, -, -, -,0.88,
,,,商業與管理群,"23,877","1,450",15,6,128,9, -,33,233,38,322,62,14,3,35,31,131,4,12,77,297,100.00,6.07,0.06,0.03,0.54,0.04, -,0.14,0.98,0.16,1.35,0.26,0.06,0.01,0.15,0.13,0.55,0.02,0.05,0.32,1.24,
,,,外語群,"6,338",151,1,1,4, -,1, -,2,1,57, -, -, -, -,12,18,2,1,5,46,100.00,2.38,0.02,0.02,0.06, -,0.02, -,0.03,0.02,0.90, -, -, -, -,0.19,0.28,0.03,0.02,0.08,0.73,
,,,設計群,"8,852",459,4, -,24, -,1,14,46,10,98,9, -,1,43,9,39,7,2,58,94,100.00,5.19,0.05, -,0.27, -,0.01,0.16,0.52,0.11,1.11,0.10, -,0.01,0.49,0.10,0.44,0.08,0.02,0.66,1.06,
,,,農業群,"1,915",225,31, -,12, -, -,5,11,4,41,2, -, -,8,13,64, -,2,8,24,100.00,11.75,1.62, -,0.63, -, -,0.26,0.57,0.21,2.14,0.10, -, -,0.42,0.68,3.34, -,0.10,0.42,1.25,
,,,食品群,"1,376",117,2,2,6,3, -,5,14, -,27,2, -, -,6,1,30, -,1, -,18,100.00,8.50,0.15,0.15,0.44,0.22, -,0.36,1.02, -,1.96,0.15, -, -,0.44,0.07,2.18, -,0.07, -,1.31,
,,,家政群,"8,506","1,918",32,3,53,4,1,3,81,9,228,19,4,4,520,32,39,13,19,121,733,100.00,22.55,0.38,0.04,0.62,0.05,0.01,0.04,0.95,0.11,2.68,0.22,0.05,0.05,6.11,0.38,0.46,0.15,0.22,1.42,8.62,
,,,餐旅群,"20,119","4,289",70,12,263,24,5,82,293,48,"2,449",20,16,3,98,70,143,6,18,143,526,100.00,21.32,0.35,0.06,1.31,0.12,0.02,0.41,1.46,0.24,12.17,0.10,0.08,0.01,0.49,0.35,0.71,0.03,0.09,0.71,2.61,
,,,水產群,305,62,2, -,6,2,1,2,6,1,6, -, -, -,3,3,7, -,2, -,21,100.00,20.33,0.66, -,1.97,0.66,0.33,0.66,1.97,0.33,1.97, -, -, -,0.98,0.98,2.30, -,0.66, -,6.89,
,,,海事群,319,72,1, -,2,6, -,9,2,10,6,1, -, -,4, -,26, -, -,2,3,100.00,22.57,0.31, -,0.63,1.88, -,2.82,0.63,3.13,1.88,0.31, -, -,1.25, -,8.15, -, -,0.63,0.94,
,,,藝術群,"2,533",299,7, -,13, -, -,7,26,3,68,1,4, -,1,7,8,1,1,84,68,100.00,11.80,0.28, -,0.51, -, -,0.28,1.03,0.12,2.68,0.04,0.16, -,0.04,0.28,0.32,0.04,0.04,3.32,2.68,
,,,綜合,"1,562",946,29,6,126,4,1,17,96,17,231, -,2, -,36,122, -,3,10,24,222,100.00,60.56,1.86,0.38,8.07,0.26,0.06,1.09,6.15,1.09,14.79, -,0.13, -,2.30,7.81, -,0.19,0.64,1.54,14.21,
,綜合高中,,,"25,420","1,055",15,2,87,11,1,33,54,18,240,12,1,1,22,38,256,6,3,64,191,100.00,4.15,0.06,0.01,0.34,0.04,0.00,0.13,0.21,0.07,0.94,0.05,0.00,0.00,0.09,0.15,1.01,0.02,0.01,0.25,0.75,
,,學術群,,"10,853",101,2, -,1, -, -,2,10, -,21,1, -, -,1,4,18, -, -,5,36,100.00,0.93,0.02, -,0.01, -, -,0.02,0.09, -,0.19,0.01, -, -,0.01,0.04,0.17, -, -,0.05,0.33,
,,專門學群,,"14,567",954,13,2,86,11,1,31,44,18,219,11,1,1,21,34,238,6,3,59,155,100.00,6.55,0.09,0.01,0.59,0.08,0.01,0.21,0.30,0.12,1.50,0.08,0.01,0.01,0.14,0.23,1.63,0.04,0.02,0.41,1.06,
,,,機械群,347,50,3, -,4,1, -,2,1,1,1, -, -, -,1,3,12,1, -, -,20,100.00,14.41,0.86, -,1.15,0.29, -,0.58,0.29,0.29,0.29, -, -, -,0.29,0.86,3.46,0.29, -, -,5.76,
,,,動力機械群,128,39, -, -,8, -, -,9, -, -,6, -, -, -,5, -, -, -, -, -,11,100.00,30.47, -, -,6.25, -, -,7.03, -, -,4.69, -, -, -,3.91, -, -, -, -, -,8.59,
,,,電機與電子群,"1,970",134,3, -,26,5,1,4,4,9,15,4, -, -,1,3,39, -, -,4,16,100.00,6.80,0.15, -,1.32,0.25,0.05,0.20,0.20,0.46,0.76,0.20, -, -,0.05,0.15,1.98, -, -,0.20,0.81,
,,,化工群,323,4, -, -, -, -, -, -, -, -,1, -, -, -, -, -,2, -, -, -,1,100.00,1.24, -, -, -, -, -, -, -, -,0.31, -, -, -, -, -,0.62, -, -, -,0.31,
,,,土木與建築群,325,7, -, -, -, -, -,1, -, -, -, -, -, -, -, -,4, -, -, -,2,100.00,2.15, -, -, -, -, -,0.31, -, -, -, -, -, -, -, -,1.23, -, -, -,0.62,
,,,商業與管理群,"4,839",229,1,1,25,2, -,9,17,5,36,6, -, -,2,7,73, -,1,15,29,100.00,4.73,0.02,0.02,0.52,0.04, -,0.19,0.35,0.10,0.74,0.12, -, -,0.04,0.14,1.51, -,0.02,0.31,0.60,
,,,外語群,"1,573",38, -, -,2, -, -, -,2, -,8,1,1,1, -,4,12,1,1,3,2,100.00,2.42, -, -,0.13, -, -, -,0.13, -,0.51,0.06,0.06,0.06, -,0.25,0.76,0.06,0.06,0.19,0.13,
,,,設計群,"1,331",30,1, -,5,1, -, -,6, -,3, -, -, -, -,2,4, -,1,5,2,100.00,2.25,0.08, -,0.38,0.08, -, -,0.45, -,0.23, -, -, -, -,0.15,0.30, -,0.08,0.38,0.15,
,,,農業群,114,10,2, -, -, -, -, -,1, -, -, -, -, -,1, -,3, -, -, -,3,100.00,8.77,1.75, -, -, -, -, -,0.88, -, -, -, -, -,0.88, -,2.63, -, -, -,2.63,
,,,食品群,279,24, -, -,2, -, -, -, -, -,4, -, -, -,1,2,6, -, -,2,7,100.00,8.60, -, -,0.72, -, -, -, -, -,1.43, -, -, -,0.36,0.72,2.15, -, -,0.72,2.51,
,,,家政群,737,65,1, -,4, -, -, -, -,2,14, -, -, -,8,5,6,3, -,7,15,100.00,8.82,0.14, -,0.54, -, -, -, -,0.27,1.90, -, -, -,1.09,0.68,0.81,0.41, -,0.95,2.04,
,,,餐旅群,"2,238",272,2,1,9,2, -,6,11,1,114, -, -, -,2,5,57, -, -,22,40,100.00,12.15,0.09,0.04,0.40,0.09, -,0.27,0.49,0.04,5.09, -, -, -,0.09,0.22,2.55, -, -,0.98,1.79,
,,,水產群,28,12, -, -, -, -, -, -, -, -, -, -, -, -, -, -,11, -, -, -,1,100.00,42.86, -, -, -, -, -, -, -, -, -, -, -, -, -, -,39.29, -, -, -,3.57,
,,,海事群,19,1, -, -, -, -, -, -, -, -, -, -, -, -, -, -, -, -, -, -,1,100.00,5.26, -, -, -, -, -, -, -, -, -, -, -, -, -, -, -, -, -, -,5.26,
,,,藝術群,27,14, -, -, -, -, -, -, -, -,5, -, -, -, -, -,8, -, -,1, -,100.00,51.85, -, -, -, -, -, -, -, -,18.52, -, -, -, -, -,29.63, -, -,3.70, -,
,,,綜合,289,25, -, -,1, -, -, -,2, -,12, -, -, -, -,3,1,1, -, -,5,100.00,8.65, -, -,0.35, -, -, -,0.69, -,4.15, -, -, -, -,1.04,0.35,0.35, -, -,1.73,
,實用技能學程,,,"12,582","4,855",141,33,642,67,9,172,380,162,"1,300",83,21,6,492,117,177,9,22,202,820,100.00,38.59,1.12,0.26,5.10,0.53,0.07,1.37,3.02,1.29,10.33,0.66,0.17,0.05,3.91,0.93,1.41,0.07,0.17,1.61,6.52,
,,,機械群,562,193,9,1,68,2, -,3,18,1,28,7, -, -,14,16,16, -, -,2,8,100.00,34.34,1.60,0.18,12.10,0.36, -,0.53,3.20,0.18,4.98,1.25, -, -,2.49,2.85,2.85, -, -,0.36,1.42,
,,,動力機械群,"1,334",717,29,5,133,6,2,40,41,63,62,6, -, -,141,14,26,1,1,26,121,100.00,53.75,2.17,0.37,9.97,0.45,0.15,3.00,3.07,4.72,4.65,0.45, -, -,10.57,1.05,1.95,0.07,0.07,1.95,9.07,
,,,電機與電子群,"1,486",473,44,23,142,17,1,35,25,13,52,7,1, -,16,6,36, -,1,6,48,100.00,31.83,2.96,1.55,9.56,1.14,0.07,2.36,1.68,0.87,3.50,0.47,0.07, -,1.08,0.40,2.42, -,0.07,0.40,3.23,
,,,土木與建築群,186,50,3,4,1,2, -,8,1, -,8,2,1, -,5,1, -, -,1, -,13,100.00,26.88,1.61,2.15,0.54,1.08, -,4.30,0.54, -,4.30,1.08,0.54, -,2.69,0.54, -, -,0.54, -,6.99,
,,,商業與管理群,"2,156",660,6, -,66,14,3,15,107,23,111,46,4,1,38,25,41,3,14,28,115,100.00,30.61,0.28, -,3.06,0.65,0.14,0.70,4.96,1.07,5.15,2.13,0.19,0.05,1.76,1.16,1.90,0.14,0.65,1.30,5.33,
,,,設計群,279,92, -, -,8,1, -,5,18,1,25, -,1,1,6, -,1, -,2, -,23,100.00,32.97, -, -,2.87,0.36, -,1.79,6.45,0.36,8.96, -,0.36,0.36,2.15, -,0.36, -,0.72, -,8.24,
,,,農業群,181,33,9, -,1,1, -, -,3,1,10, -,1, -,1,2,1,1, -,1,1,100.00,18.23,4.97, -,0.55,0.55, -, -,1.66,0.55,5.52, -,0.55, -,0.55,1.10,0.55,0.55, -,0.55,0.55,
,,,食品群,425,119,2, -,28,2, -,3,5,2,59,1, -,1,2,1,1, -, -,1,11,100.00,28.00,0.47, -,6.59,0.47, -,0.71,1.18,0.47,13.88,0.24, -,0.24,0.47,0.24,0.24, -, -,0.24,2.59,
,,,餐旅群,"4,173","1,683",33, -,143,16,3,58,125,41,819,6,10,3,32,31,42,2,2,78,239,100.00,40.33,0.79, -,3.43,0.38,0.07,1.39,3.00,0.98,19.63,0.14,0.24,0.07,0.77,0.74,1.01,0.05,0.05,1.87,5.73,
,,,水產群,35,7,2, -, -, -, -, -, -, -,5, -, -, -, -, -, -, -, -, -, -,100.00,20.00,5.71, -, -, -, -, -, -, -,14.29, -, -, -, -, -, -, -, -, -, -,
,,,海事群,62,12,3, -,5,1, -,1, -, -,2, -, -, -, -, -, -, -, -, -, -,100.00,19.35,4.84, -,8.06,1.61, -,1.61, -, -,3.23, -, -, -, -, -, -, -, -, -, -,
,,,美容造型群,"1,703",816,1, -,47,5, -,4,37,17,119,8,3, -,237,21,13,2,1,60,241,100.00,47.92,0.06, -,2.76,0.29, -,0.23,2.17,1.00,6.99,0.47,0.18, -,13.92,1.23,0.76,0.12,0.06,3.52,14.15,
國立,,,,"79,112","3,908",180,41,524,62,6,123,275,79,766,38,9,2,192,164,679,16,30,128,594,100.00,4.94,0.23,0.05,0.66,0.08,0.01,0.16,0.35,0.10,0.97,0.05,0.01,0.00,0.24,0.21,0.86,0.02,0.04,0.16,0.75,
,普通科,,,"34,267",185,1, -,8, -, -,4,13,1,28,2, -, -,1,7,99,1, -,4,16,100.00,0.54,0.00, -,0.02, -, -,0.01,0.04,0.00,0.08,0.01, -, -,0.00,0.02,0.29,0.00, -,0.01,0.05,
,職業科,,,"30,637","2,268",107,14,303,30,5,72,160,36,450,22,5,1,102,119,382,10,17,65,368,100.00,7.40,0.35,0.05,0.99,0.10,0.02,0.24,0.52,0.12,1.47,0.07,0.02,0.00,0.33,0.39,1.25,0.03,0.06,0.21,1.20,
,,,機械群,"4,502",249,7,1,92, -, -,16,7,5,16,2, -, -,13,12,36,7, -,3,32,100.00,5.53,0.16,0.02,2.04, -, -,0.36,0.16,0.11,0.36,0.04, -, -,0.29,0.27,0.80,0.16, -,0.07,0.71,
,,,動力機械群,"1,239",186,13,2,33,1, -,10,5,3,21, -, -, -,21,10,53, -, -,3,11,100.00,15.01,1.05,0.16,2.66,0.08, -,0.81,0.40,0.24,1.69, -, -, -,1.69,0.81,4.28, -, -,0.24,0.89,
,,,電機與電子群,"5,195",250,13,2,41,11,1,8,14,3,26,5, -, -,11,11,62, -,1,3,38,100.00,4.81,0.25,0.04,0.79,0.21,0.02,0.15,0.27,0.06,0.50,0.10, -, -,0.21,0.21,1.19, -,0.02,0.06,0.73,
,,,化工群,"1,268",37,1, -,6, -, -,1, -, -,10,2, -, -,4, -,9, -,1, -,3,100.00,2.92,0.08, -,0.47, -, -,0.08, -, -,0.79,0.16, -, -,0.32, -,0.71, -,0.08, -,0.24,
,,,土木與建築群,"1,267",62,4, -,1, -, -,6,6, -,14, -, -, -,1,1,25, -, -, -,4,100.00,4.89,0.32, -,0.08, -, -,0.47,0.47, -,1.10, -, -, -,0.08,0.08,1.97, -, -, -,0.32,
,,,商業與管理群,"7,990",223,5,2,7,2, -,3,13,1,57,4,2,1,6,5,39, -,2,23,51,100.00,2.79,0.06,0.03,0.09,0.03, -,0.04,0.16,0.01,0.71,0.05,0.03,0.01,0.08,0.06,0.49, -,0.03,0.29,0.64,
,,,外語群,887,6, -, -, -, -, -, -,1, -, -, -, -, -, -,1,3, -, -,1, -,100.00,0.68, -, -, -, -, -, -,0.11, -, -, -, -, -, -,0.11,0.34, -, -,0.11, -,
,,,設計群,"1,193",37, -, -,2, -, -,3,5, -,9,2, -, -,3, -,4,1, -,1,7,100.00,3.10, -, -,0.17, -, -,0.25,0.42, -,0.75,0.17, -, -,0.25, -,0.34,0.08, -,0.08,0.59,
,,,農業群,"1,803",225,31, -,12, -, -,5,11,4,41,2, -, -,8,13,64, -,2,8,24,100.00,12.48,1.72, -,0.67, -, -,0.28,0.61,0.22,2.27,0.11, -, -,0.44,0.72,3.55, -,0.11,0.44,1.33,
,,,食品群,"1,297",117,2,2,6,3, -,5,14, -,27,2, -, -,6,1,30, -,1, -,18,100.00,9.02,0.15,0.15,0.46,0.23, -,0.39,1.08, -,2.08,0.15, -, -,0.46,0.08,2.31, -,0.08, -,1.39,
,,,家政群,"1,414",93,4, -,9, -, -, -,4, -,30, -, -, -, -, -,6,1,1,7,31,100.00,6.58,0.28, -,0.64, -, -, -,0.28, -,2.12, -, -, -, -, -,0.42,0.07,0.07,0.50,2.19,
,,,餐旅群,978,105,2,1,3,1,2,1,7,2,44,1,1, -,1, -,17, -, -, -,22,100.00,10.74,0.20,0.10,0.31,0.10,0.20,0.10,0.72,0.20,4.50,0.10,0.10, -,0.10, -,1.74, -, -, -,2.25,
,,,水產群,305,62,2, -,6,2,1,2,6,1,6, -, -, -,3,3,7, -,2, -,21,100.00,20.33,0.66, -,1.97,0.66,0.33,0.66,1.97,0.33,1.97, -, -, -,0.98,0.98,2.30, -,0.66, -,6.89,
,,,海事群,269,66,1, -,2,6, -,3,2,10,6,1, -, -,4, -,26, -, -,2,3,100.00,24.54,0.37, -,0.74,2.23, -,1.12,0.74,3.72,2.23,0.37, -, -,1.49, -,9.67, -, -,0.74,1.12,
,,,藝術群,151,13, -, -, -, -, -, -, -, -, -,1,1, -, -, -,1, -, -,5,5,100.00,8.61, -, -, -, -, -, -, -, -, -,0.66,0.66, -, -, -,0.66, -, -,3.31,3.31,
,,,綜合,879,537,22,4,83,4,1,9,65,7,143, -,1, -,21,62, -,1,7,9,98,100.00,61.09,2.50,0.46,9.44,0.46,0.11,1.02,7.39,0.80,16.27, -,0.11, -,2.39,7.05, -,0.11,0.80,1.02,11.15,
,綜合高中,,,"10,728",402,8,2,27,5, -,15,28,3,67,2, -, -,6,11,116,1,2,26,83,100.00,3.75,0.07,0.02,0.25,0.05, -,0.14,0.26,0.03,0.62,0.02, -, -,0.06,0.10,1.08,0.01,0.02,0.24,0.77,
,,學術群,,"6,293",57, -, -,1, -, -,2,3, -,11,1, -, -, -, -,10, -, -,5,24,100.00,0.91, -, -,0.02, -, -,0.03,0.05, -,0.17,0.02, -, -, -, -,0.16, -, -,0.08,0.38,
,,專門學群,,"4,435",345,8,2,26,5, -,13,25,3,56,1, -, -,6,11,106,1,2,21,59,100.00,7.78,0.18,0.05,0.59,0.11, -,0.29,0.56,0.07,1.26,0.02, -, -,0.14,0.25,2.39,0.02,0.05,0.47,1.33,
,,,機械群,251,29,3, -,3,1, -,1,1,1,1, -, -, -,1,3,12,1, -, -,1,100.00,11.55,1.20, -,1.20,0.40, -,0.40,0.40,0.40,0.40, -, -, -,0.40,1.20,4.78,0.40, -, -,0.40,
,,,動力機械群,31,12, -, -,2, -, -, -, -, -,2, -, -, -, -, -, -, -, -, -,8,100.00,38.71, -, -,6.45, -, -, -, -, -,6.45, -, -, -, -, -, -, -, -, -,25.81,
,,,電機與電子群,396,16, -, -,8,1, -,1,1, -,1, -, -, -,1,1, -, -, -,1,1,100.00,4.04, -, -,2.02,0.25, -,0.25,0.25, -,0.25, -, -, -,0.25,0.25, -, -, -,0.25,0.25,
,,,化工群,71,2, -, -, -, -, -, -, -, -, -, -, -, -, -, -,1, -, -, -,1,100.00,2.82, -, -, -, -, -, -, -, -, -, -, -, -, -, -,1.41, -, -, -,1.41,
,,,土木與建築群,215,6, -, -, -, -, -,1, -, -, -, -, -, -, -, -,4, -, -, -,1,100.00,2.79, -, -, -, -, -,0.47, -, -, -, -, -, -, -, -,1.86, -, -, -,0.47,
,,,商業與管理群,"1,672",115,1,1,9,1, -,9,12,2,13,1, -, -,1,4,47, -,1,5,8,100.00,6.88,0.06,0.06,0.54,0.06, -,0.54,0.72,0.12,0.78,0.06, -, -,0.06,0.24,2.81, -,0.06,0.30,0.48,
,,,外語群,294,14, -, -, -, -, -, -,1, -,4, -, -, -, -, -,6, -, -,2,1,100.00,4.76, -, -, -, -, -, -,0.34, -,1.36, -, -, -, -, -,2.04, -, -,0.68,0.34,
,,,設計群,390,14,1, -,2, -, -, -,3, -, -, -, -, -, -, -,3, -,1,4, -,100.00,3.59,0.26, -,0.51, -, -, -,0.77, -, -, -, -, -, -, -,0.77, -,0.26,1.03, -,
,,,農業群,95,10,2, -, -, -, -, -,1, -, -, -, -, -,1, -,3, -, -, -,3,100.00,10.53,2.11, -, -, -, -, -,1.05, -, -, -, -, -,1.05, -,3.16, -, -, -,3.16,
,,,食品群,279,24, -, -,2, -, -, -, -, -,4, -, -, -,1,2,6, -, -,2,7,100.00,8.60, -, -,0.72, -, -, -, -, -,1.43, -, -, -,0.36,0.72,2.15, -, -,0.72,2.51,
,,,家政群,108,14, -, -, -, -, -, -, -, -,1, -, -, -, -, -,1, -, -,1,11,100.00,12.96, -, -, -, -, -, -, -, -,0.93, -, -, -, -, -,0.93, -, -,0.93,10.19,
,,,餐旅群,566,74,1,1, -,2, -,1,6, -,29, -, -, -,1,1,11, -, -,6,15,100.00,13.07,0.18,0.18, -,0.35, -,0.18,1.06, -,5.12, -, -, -,0.18,0.18,1.94, -, -,1.06,2.65,
,,,水產群,28,12, -, -, -, -, -, -, -, -, -, -, -, -, -, -,11, -, -, -,1,100.00,42.86, -, -, -, -, -, -, -, -, -, -, -, -, -, -,39.29, -, -, -,3.57,
,,,海事群,19,1, -, -, -, -, -, -, -, -, -, -, -, -, -, -, -, -, -, -,1,100.00,5.26, -, -, -, -, -, -, -, -, -, -, -, -, -, -, -, -, -, -,5.26,
,,,藝術群,9,2, -, -, -, -, -, -, -, -,1, -, -, -, -, -,1, -, -, -, -,100.00,22.22, -, -, -, -, -, -, -, -,11.11, -, -, -, -, -,11.11, -, -, -, -,
,,,綜合,11, -, -, -, -, -, -, -, -, -, -, -, -, -, -, -, -, -, -, -, -,100.00, -, -, -, -, -, -, -, -, -, -, -, -, -, -, -, -, -, -, -, -,
,實用技能學程,,,"3,480","1,053",64,25,186,27,1,32,74,39,221,12,4,1,83,27,82,4,11,33,127,100.00,30.26,1.84,0.72,5.34,0.78,0.03,0.92,2.13,1.12,6.35,0.34,0.11,0.03,2.39,0.78,2.36,0.11,0.32,0.95,3.65,
,,,機械群,437,138,8,1,44,2, -,2,13,1,17,1, -, -,11,14,16, -, -,2,6,100.00,31.58,1.83,0.23,10.07,0.46, -,0.46,2.97,0.23,3.89,0.23, -, -,2.52,3.20,3.66, -, -,0.46,1.37,
,,,動力機械群,167,75,1,1,10,2, -,3,4,7,7,2, -, -,14,5,11, -, -, -,8,100.00,44.91,0.60,0.60,5.99,1.20, -,1.80,2.40,4.19,4.19,1.20, -, -,8.38,2.99,6.59, -, -, -,4.79,
,,,電機與電子群,762,262,30,19,75,12,1,9,7,10,30,5, -, -,12, -,16, -,1,5,30,100.00,34.38,3.94,2.49,9.84,1.57,0.13,1.18,0.92,1.31,3.94,0.66, -, -,1.57, -,2.10, -,0.13,0.66,3.94,
,,,土木與建築群,132,26,3,4,1,2, -,5, -, -,3, -,1, -,4,1, -, -,1, -,1,100.00,19.70,2.27,3.03,0.76,1.52, -,3.79, -, -,2.27, -,0.76, -,3.03,0.76, -, -,0.76, -,0.76,
,,,商業與管理群,677,199,3, -,19,3, -,6,25,6,28,3,1, -,23,2,25,1,6,16,32,100.00,29.39,0.44, -,2.81,0.44, -,0.89,3.69,0.89,4.14,0.44,0.15, -,3.40,0.30,3.69,0.15,0.89,2.36,4.73,
,,,設計群,167,48, -, -,5, -, -,1,9,1,13, -, -, -,3, -,1, -,2, -,13,100.00,28.74, -, -,2.99, -, -,0.60,5.39,0.60,7.78, -, -, -,1.80, -,0.60, -,1.20, -,7.78,
,,,農業群,181,33,9, -,1,1, -, -,3,1,10, -,1, -,1,2,1,1, -,1,1,100.00,18.23,4.97, -,0.55,0.55, -, -,1.66,0.55,5.52, -,0.55, -,0.55,1.10,0.55,0.55, -,0.55,0.55,
,,,食品群,285,79,2, -,19,1, -,1,3,1,40,1, -, -,2,1,1, -, -,1,6,100.00,27.72,0.70, -,6.67,0.35, -,0.35,1.05,0.35,14.04,0.35, -, -,0.70,0.35,0.35, -, -,0.35,2.11,
,,,餐旅群,423,125,3, -,5,1, -,4,6,6,59, -,1,1,1,2,11,1, -,5,19,100.00,29.55,0.71, -,1.18,0.24, -,0.95,1.42,1.42,13.95, -,0.24,0.24,0.24,0.47,2.60,0.24, -,1.18,4.49,
,,,水產群,35,7,2, -, -, -, -, -, -, -,5, -, -, -, -, -, -, -, -, -, -,100.00,20.00,5.71, -, -, -, -, -, -, -,14.29, -, -, -, -, -, -, -, -, -, -,
,,,海事群,62,12,3, -,5,1, -,1, -, -,2, -, -, -, -, -, -, -, -, -, -,100.00,19.35,4.84, -,8.06,1.61, -,1.61, -, -,3.23, -, -, -, -, -, -, -, -, -, -,
,,,美容造型群,152,49, -, -,2,2, -, -,4,6,7, -, -, -,12, -, -,1,1,3,11,100.00,32.24, -, -,1.32,1.32, -, -,2.63,3.95,4.61, -, -, -,7.89, -, -,0.66,0.66,1.97,7.24,
縣市立,,,,"55,876",805,7, -,68,9, -,40,40,14,161,6,7,1,52,34,123,5,8,39,191,100.00,1.44,0.01, -,0.12,0.02, -,0.07,0.07,0.03,0.29,0.01,0.01,0.00,0.09,0.06,0.22,0.01,0.01,0.07,0.34,
,普通科,,,"40,753",274,5, -,10,4, -,8,13,3,31,3, -,1,8,2,99,5,3,25,54,100.00,0.67,0.01, -,0.02,0.01, -,0.02,0.03,0.01,0.08,0.01, -,0.00,0.02,0.00,0.24,0.01,0.01,0.06,0.13,
,職業科,,,"10,972",333,2, -,33,1, -,8,13,9,81, -,5, -,31,27,6, -,4,12,101,100.00,3.03,0.02, -,0.30,0.01, -,0.07,0.12,0.08,0.74, -,0.05, -,0.28,0.25,0.05, -,0.04,0.11,0.92,
,,,機械群,"1,852",49, -, -,10, -, -, -,2, -,12, -, -, -,7,6,1, -,1,3,7,100.00,2.65, -, -,0.54, -, -, -,0.11, -,0.65, -, -, -,0.38,0.32,0.05, -,0.05,0.16,0.38,
,,,動力機械群,670,29, -, -, -,1, -,5, -, -,4, -, -, -,9,3,2, -, -, -,5,100.00,4.33, -, -, -,0.15, -,0.75, -, -,0.60, -, -, -,1.34,0.45,0.30, -, -, -,0.75,
,,,電機與電子群,"3,001",32, -, -,2, -, -,1, -, -,7, -,3, -,9,3,1, -, -, -,6,100.00,1.07, -, -,0.07, -, -,0.03, -, -,0.23, -,0.10, -,0.30,0.10,0.03, -, -, -,0.20,
,,,化工群,170, -, -, -, -, -, -, -, -, -, -, -, -, -, -, -, -, -, -, -, -,100.00, -, -, -, -, -, -, -, -, -, -, -, -, -, -, -, -, -, -, -, -,
,,,土木與建築群,448,9, -, -,2, -, -,1, -, -,2, -, -, -, -, -, -, -, -, -,4,100.00,2.01, -, -,0.45, -, -,0.22, -, -,0.45, -, -, -, -, -, -, -, -, -,0.89,
,,,商業與管理群,"2,566",22,1, -, -, -, -, -, -, -,7, -,1, -, -, -,2, -,1,4,6,100.00,0.86,0.04, -, -, -, -, -, -, -,0.27, -,0.04, -, -, -,0.08, -,0.04,0.16,0.23,
,,,外語群,254,2, -, -, -, -, -, -, -, -,1, -, -, -, -, -, -, -, -, -,1,100.00,0.79, -, -, -, -, -, -, -, -,0.39, -, -, -, -, -, -, -, -, -,0.39,
,,,設計群,"1,175",10, -, -, -, -, -,1, -, -,2, -, -, -, -, -, -, -,1,4,2,100.00,0.85, -, -, -, -, -,0.09, -, -,0.17, -, -, -, -, -, -, -,0.09,0.34,0.17,
,,,農業群,112, -, -, -, -, -, -, -, -, -, -, -, -, -, -, -, -, -, -, -, -,100.00, -, -, -, -, -, -, -, -, -, -, -, -, -, -, -, -, -, -, -, -,
,,,食品群,79, -, -, -, -, -, -, -, -, -, -, -, -, -, -, -, -, -, -, -, -,100.00, -, -, -, -, -, -, -, -, -, -, -, -, -, -, -, -, -, -, -, -,
,,,家政群,142,3, -, -, -, -, -, -, -, -, -, -, -, -,3, -, -, -, -, -, -,100.00,2.11, -, -, -, -, -, -, -, -, -, -, -, -,2.11, -, -, -, -, -, -,
,,,餐旅群,238,4, -, -,1, -, -, -, -, -,2, -, -, -,1, -, -, -, -, -, -,100.00,1.68, -, -,0.42, -, -, -, -, -,0.84, -, -, -,0.42, -, -, -, -, -, -,
,,,藝術群, -, -, -, -, -, -, -, -, -, -, -, -, -, -, -, -, -, -, -, -, -, -, -, -, -, -, -, -, -, -, -, -, -, -, -, -, -, -, -, -, -, -,
,,,綜合,265,173,1, -,18, -, -, -,11,9,44, -,1, -,2,15, -, -,1,1,70,100.00,65.28,0.38, -,6.79, -, -, -,4.15,3.40,16.60, -,0.38, -,0.75,5.66, -, -,0.38,0.38,26.42,
,綜合高中,,,"3,757",52, -, -,3, -, -,4,1, -,8, -, -, -, -, -,14, -, -, -,22,100.00,1.38, -, -,0.08, -, -,0.11,0.03, -,0.21, -, -, -, -, -,0.37, -, -, -,0.59,
,,學術群,,"2,409",13, -, -, -, -, -, -, -, -,4, -, -, -, -, -,2, -, -, -,7,100.00,0.54, -, -, -, -, -, -, -, -,0.17, -, -, -, -, -,0.08, -, -, -,0.29,
,,專門學群,,"1,348",39, -, -,3, -, -,4,1, -,4, -, -, -, -, -,12, -, -, -,15,100.00,2.89, -, -,0.22, -, -,0.30,0.07, -,0.30, -, -, -, -, -,0.89, -, -, -,1.11,
,,,機械群,25, -, -, -, -, -, -, -, -, -, -, -, -, -, -, -, -, -, -, -, -,100.00, -, -, -, -, -, -, -, -, -, -, -, -, -, -, -, -, -, -, -, -,
,,,電機與電子群,263,1, -, -, -, -, -, -, -, -, -, -, -, -, -, -, -, -, -, -,1,100.00,0.38, -, -, -, -, -, -, -, -, -, -, -, -, -, -, -, -, -, -,0.38,
,,,化工群,82,2, -, -, -, -, -, -, -, -,1, -, -, -, -, -,1, -, -, -, -,100.00,2.44, -, -, -, -, -, -, -, -,1.22, -, -, -, -, -,1.22, -, -, -, -,
,,,土木與建築群,110,1, -, -, -, -, -, -, -, -, -, -, -, -, -, -, -, -, -, -,1,100.00,0.91, -, -, -, -, -, -, -, -, -, -, -, -, -, -, -, -, -, -,0.91,
,,,商業與管理群,544,13, -, -,2, -, -, -, -, -, -, -, -, -, -, -,4, -, -, -,7,100.00,2.39, -, -,0.37, -, -, -, -, -, -, -, -, -, -, -,0.74, -, -, -,1.29,
,,,外語群,36, -, -, -, -, -, -, -, -, -, -, -, -, -, -, -, -, -, -, -, -,100.00, -, -, -, -, -, -, -, -, -, -, -, -, -, -, -, -, -, -, -, -,
,,,設計群,147, -, -, -, -, -, -, -, -, -, -, -, -, -, -, -, -, -, -, -, -,100.00, -, -, -, -, -, -, -, -, -, -, -, -, -, -, -, -, -, -, -, -,
,,,農業群,19, -, -, -, -, -, -, -, -, -, -, -, -, -, -, -, -, -, -, -, -,100.00, -, -, -, -, -, -, -, -, -, -, -, -, -, -, -, -, -, -, -, -,
,,,家政群,20, -, -, -, -, -, -, -, -, -, -, -, -, -, -, -, -, -, -, -, -,100.00, -, -, -, -, -, -, -, -, -, -, -, -, -, -, -, -, -, -, -, -,
,,,餐旅群,102,22, -, -,1, -, -,4,1, -,3, -, -, -, -, -,7, -, -, -,6,100.00,21.57, -, -,0.98, -, -,3.92,0.98, -,2.94, -, -, -, -, -,6.86, -, -, -,5.88,
,實用技能學程,,,394,146, -, -,22,4, -,20,13,2,41,3,2, -,13,5,4, -,1,2,14,100.00,37.06, -, -,5.58,1.02, -,5.08,3.30,0.51,10.41,0.76,0.51, -,3.30,1.27,1.02, -,0.25,0.51,3.55,
,,,機械群,46,10, -, -,4, -, -, -, -, -,5, -, -, -,1, -, -, -, -, -, -,100.00,21.74, -, -,8.70, -, -, -, -, -,10.87, -, -, -,2.17, -, -, -, -, -, -,
,,,動力機械群,27,13, -, -,10, -, -, -, -, -,3, -, -, -, -, -, -, -, -, -, -,100.00,48.15, -, -,37.04, -, -, -, -, -,11.11, -, -, -, -, -, -, -, -, -, -,
,,,電機與電子群,81,36, -, -,2, -, -,15,4,1,7,1,1, -,1,2, -, -, -, -,2,100.00,44.44, -, -,2.47, -, -,18.52,4.94,1.23,8.64,1.23,1.23, -,1.23,2.47, -, -, -, -,2.47,
,,,土木與建築群,37,15, -, -, -, -, -,3,1, -,5,2, -, -,1, -, -, -, -, -,3,100.00,40.54, -, -, -, -, -,8.11,2.70, -,13.51,5.41, -, -,2.70, -, -, -, -, -,8.11,
,,,商業與管理群,122,33, -, -,5,4, -,1,1,1,9, -, -, -, -,3,4, -,1, -,4,100.00,27.05, -, -,4.10,3.28, -,0.82,0.82,0.82,7.38, -, -, -, -,2.46,3.28, -,0.82, -,3.28,
,,,設計群,16,15, -, -,1, -, -,1,6, -,2, -,1, -, -, -, -, -, -, -,4,100.00,93.75, -, -,6.25, -, -,6.25,37.50, -,12.50, -,6.25, -, -, -, -, -, -, -,25.00,
,,,餐旅群,31,14, -, -, -, -, -, -,1, -,10, -, -, -,1, -, -, -, -,2, -,100.00,45.16, -, -, -, -, -, -,3.23, -,32.26, -, -, -,3.23, -, -, -, -,6.45, -,
,,,美容造型群,34,10, -, -, -, -, -, -, -, -, -, -, -, -,9, -, -, -, -, -,1,100.00,29.41, -, -, -, -, -, -, -, -, -, -, -, -,26.47, -, -, -, -, -,2.94,
私立,,,,"120,331","16,172",329,52,"1,885",137,25,472,"1,211",436,"4,714",251,60,20,"1,467",375,767,46,68,755,"3,102",100.00,13.44,0.27,0.04,1.57,0.11,0.02,0.39,1.01,0.36,3.92,0.21,0.05,0.02,1.22,0.31,0.64,0.04,0.06,0.63,2.58,
,普通科,,,"28,518",170,6,1,14,1, -,7,6,2,25,2, -, -, -,6,37,1, -,22,40,100.00,0.60,0.02,0.00,0.05,0.00, -,0.02,0.02,0.01,0.09,0.01, -, -, -,0.02,0.13,0.00, -,0.08,0.14,
,職業科,,,"72,170","11,745",239,43,"1,380",94,16,331,887,298,"3,486",171,44,14,"1,055",257,513,35,57,528,"2,297",100.00,16.27,0.33,0.06,1.91,0.13,0.02,0.46,1.23,0.41,4.83,0.24,0.06,0.02,1.46,0.36,0.71,0.05,0.08,0.73,3.18,
,,,機械群,"1,739",184,4, -,97,2, -,9,16,5,12, -, -, -,14, -,4, -,1,2,18,100.00,10.58,0.23, -,5.58,0.12, -,0.52,0.92,0.29,0.69, -, -, -,0.81, -,0.23, -,0.06,0.12,1.04,
,,,動力機械群,"3,972","1,554",62,12,311,9,8,78,86,146,104,6,3,4,267,16,94,1,2,25,320,100.00,39.12,1.56,0.30,7.83,0.23,0.20,1.96,2.17,3.68,2.62,0.15,0.08,0.10,6.72,0.40,2.37,0.03,0.05,0.63,8.06,
,,,電機與電子群,"12,542","1,696",50,10,482,49,2,97,113,40,250,62,8, -,78,41,108,1,4,44,257,100.00,13.52,0.40,0.08,3.84,0.39,0.02,0.77,0.90,0.32,1.99,0.49,0.06, -,0.62,0.33,0.86,0.01,0.03,0.35,2.05,
,,,土木與建築群,212,21, -, -,2, -, -,2,1, -,6, -, -, -, -, -,1, -, -, -,9,100.00,9.91, -, -,0.94, -, -,0.94,0.47, -,2.83, -, -, -, -, -,0.47, -, -, -,4.25,
,,,商業與管理群,"13,321","1,205",9,4,121,7, -,30,220,37,258,58,11,2,29,26,90,4,9,50,240,100.00,9.05,0.07,0.03,0.91,0.05, -,0.23,1.65,0.28,1.94,0.44,0.08,0.02,0.22,0.20,0.68,0.03,0.07,0.38,1.80,
,,,外語群,"5,197",143,1,1,4, -,1, -,1,1,56, -, -, -, -,11,15,2,1,4,45,100.00,2.75,0.02,0.02,0.08, -,0.02, -,0.02,0.02,1.08, -, -, -, -,0.21,0.29,0.04,0.02,0.08,0.87,
,,,設計群,"6,484",412,4, -,22, -,1,10,41,10,87,7, -,1,40,9,35,6,1,53,85,100.00,6.35,0.06, -,0.34, -,0.02,0.15,0.63,0.15,1.34,0.11, -,0.02,0.62,0.14,0.54,0.09,0.02,0.82,1.31,
,,,家政群,"6,950","1,822",28,3,44,4,1,3,77,9,198,19,4,4,517,32,33,12,18,114,702,100.00,26.22,0.40,0.04,0.63,0.06,0.01,0.04,1.11,0.13,2.85,0.27,0.06,0.06,7.44,0.46,0.47,0.17,0.26,1.64,10.10,
,,,餐旅群,"18,903","4,180",68,11,259,23,3,81,286,46,"2,403",19,15,3,96,70,126,6,18,143,504,100.00,22.11,0.36,0.06,1.37,0.12,0.02,0.43,1.51,0.24,12.71,0.10,0.08,0.02,0.51,0.37,0.67,0.03,0.10,0.76,2.67,
,,,海事群,50,6, -, -, -, -, -,6, -, -, -, -, -, -, -, -, -, -, -, -, -,100.00,12.00, -, -, -, -, -,12.00, -, -, -, -, -, -, -, -, -, -, -, -, -,
,,,藝術群,"2,382",286,7, -,13, -, -,7,26,3,68, -,3, -,1,7,7,1,1,79,63,100.00,12.01,0.29, -,0.55, -, -,0.29,1.09,0.13,2.85, -,0.13, -,0.04,0.29,0.29,0.04,0.04,3.32,2.64,
,,,綜合,418,236,6,2,25, -, -,8,20,1,44, -, -, -,13,45, -,2,2,14,54,100.00,56.46,1.44,0.48,5.98, -, -,1.91,4.78,0.24,10.53, -, -, -,3.11,10.77, -,0.48,0.48,3.35,12.92,
,綜合高中,,,"10,935",601,7, -,57,6,1,14,25,15,165,10,1,1,16,27,126,5,1,38,86,100.00,5.50,0.06, -,0.52,0.05,0.01,0.13,0.23,0.14,1.51,0.09,0.01,0.01,0.15,0.25,1.15,0.05,0.01,0.35,0.79,
,,學術群,,"2,151",31,2, -, -, -, -, -,7, -,6, -, -, -,1,4,6, -, -, -,5,100.00,1.44,0.09, -, -, -, -, -,0.33, -,0.28, -, -, -,0.05,0.19,0.28, -, -, -,0.23,
,,專門學群,,"8,784",570,5, -,57,6,1,14,18,15,159,10,1,1,15,23,120,5,1,38,81,100.00,6.49,0.06, -,0.65,0.07,0.01,0.16,0.20,0.17,1.81,0.11,0.01,0.01,0.17,0.26,1.37,0.06,0.01,0.43,0.92,
,,,機械群,71,21, -, -,1, -, -,1, -, -, -, -, -, -, -, -, -, -, -, -,19,100.00,29.58, -, -,1.41, -, -,1.41, -, -, -, -, -, -, -, -, -, -, -, -,26.76,
,,,動力機械群,97,27, -, -,6, -, -,9, -, -,4, -, -, -,5, -, -, -, -, -,3,100.00,27.84, -, -,6.19, -, -,9.28, -, -,4.12, -, -, -,5.15, -, -, -, -, -,3.09,
,,,電機與電子群,"1,311",117,3, -,18,4,1,3,3,9,14,4, -, -, -,2,39, -, -,3,14,100.00,8.92,0.23, -,1.37,0.31,0.08,0.23,0.23,0.69,1.07,0.31, -, -, -,0.15,2.97, -, -,0.23,1.07,
,,,化工群,170, -, -, -, -, -, -, -, -, -, -, -, -, -, -, -, -, -, -, -, -,100.00, -, -, -, -, -, -, -, -, -, -, -, -, -, -, -, -, -, -, -, -,
,,,商業與管理群,"2,623",101, -, -,14,1, -, -,5,3,23,5, -, -,1,3,22, -, -,10,14,100.00,3.85, -, -,0.53,0.04, -, -,0.19,0.11,0.88,0.19, -, -,0.04,0.11,0.84, -, -,0.38,0.53,
,,,外語群,"1,243",24, -, -,2, -, -, -,1, -,4,1,1,1, -,4,6,1,1,1,1,100.00,1.93, -, -,0.16, -, -, -,0.08, -,0.32,0.08,0.08,0.08, -,0.32,0.48,0.08,0.08,0.08,0.08,
,,,設計群,794,16, -, -,3,1, -, -,3, -,3, -, -, -, -,2,1, -, -,1,2,100.00,2.02, -, -,0.38,0.13, -, -,0.38, -,0.38, -, -, -, -,0.25,0.13, -, -,0.13,0.25,
,,,家政群,609,51,1, -,4, -, -, -, -,2,13, -, -, -,8,5,5,3, -,6,4,100.00,8.37,0.16, -,0.66, -, -, -, -,0.33,2.13, -, -, -,1.31,0.82,0.82,0.49, -,0.99,0.66,
,,,餐旅群,"1,570",176,1, -,8, -, -,1,4,1,82, -, -, -,1,4,39, -, -,16,19,100.00,11.21,0.06, -,0.51, -, -,0.06,0.25,0.06,5.22, -, -, -,0.06,0.25,2.48, -, -,1.02,1.21,
,,,藝術群,18,12, -, -, -, -, -, -, -, -,4, -, -, -, -, -,7, -, -,1, -,100.00,66.67, -, -, -, -, -, -, -, -,22.22, -, -, -, -, -,38.89, -, -,5.56, -,
,,,綜合,278,25, -, -,1, -, -, -,2, -,12, -, -, -, -,3,1,1, -, -,5,100.00,8.99, -, -,0.36, -, -, -,0.72, -,4.32, -, -, -, -,1.08,0.36,0.36, -, -,1.80,
,實用技能學程,,,"8,708","3,656",77,8,434,36,8,120,293,121,"1,038",68,15,5,396,85,91,5,10,167,679,100.00,41.98,0.88,0.09,4.98,0.41,0.09,1.38,3.36,1.39,11.92,0.78,0.17,0.06,4.55,0.98,1.05,0.06,0.11,1.92,7.80,
,,,機械群,79,45,1, -,20, -, -,1,5, -,6,6, -, -,2,2, -, -, -, -,2,100.00,56.96,1.27, -,25.32, -, -,1.27,6.33, -,7.59,7.59, -, -,2.53,2.53, -, -, -, -,2.53,
,,,動力機械群,"1,140",629,28,4,113,4,2,37,37,56,52,4, -, -,127,9,15,1,1,26,113,100.00,55.18,2.46,0.35,9.91,0.35,0.18,3.25,3.25,4.91,4.56,0.35, -, -,11.14,0.79,1.32,0.09,0.09,2.28,9.91,
,,,電機與電子群,643,175,14,4,65,5, -,11,14,2,15,1, -, -,3,4,20, -, -,1,16,100.00,27.22,2.18,0.62,10.11,0.78, -,1.71,2.18,0.31,2.33,0.16, -, -,0.47,0.62,3.11, -, -,0.16,2.49,
,,,土木與建築群,17,9, -, -, -, -, -, -, -, -, -, -, -, -, -, -, -, -, -, -,9,100.00,52.94, -, -, -, -, -, -, -, -, -, -, -, -, -, -, -, -, -, -,52.94,
,,,商業與管理群,"1,357",428,3, -,42,7,3,8,81,16,74,43,3,1,15,20,12,2,7,12,79,100.00,31.54,0.22, -,3.10,0.52,0.22,0.59,5.97,1.18,5.45,3.17,0.22,0.07,1.11,1.47,0.88,0.15,0.52,0.88,5.82,
,,,設計群,96,29, -, -,2,1, -,3,3, -,10, -, -,1,3, -, -, -, -, -,6,100.00,30.21, -, -,2.08,1.04, -,3.13,3.13, -,10.42, -, -,1.04,3.13, -, -, -, -, -,6.25,
,,,食品群,140,40, -, -,9,1, -,2,2,1,19, -, -,1, -, -, -, -, -, -,5,100.00,28.57, -, -,6.43,0.71, -,1.43,1.43,0.71,13.57, -, -,0.71, -, -, -, -, -, -,3.57,
,,,餐旅群,"3,719","1,544",30, -,138,15,3,54,118,35,750,6,9,2,30,29,31,1,2,71,220,100.00,41.52,0.81, -,3.71,0.40,0.08,1.45,3.17,0.94,20.17,0.16,0.24,0.05,0.81,0.78,0.83,0.03,0.05,1.91,5.92,
,,,美容造型群,"1,517",757,1, -,45,3, -,4,33,11,112,8,3, -,216,21,13,1, -,57,229,100.00,49.90,0.07, -,2.97,0.20, -,0.26,2.18,0.73,7.38,0.53,0.20, -,14.24,1.38,0.86,0.07, -,3.76,15.10,
,,,,,,,,,,,,,,,,,,,,,,,,,,,,,,,,,,,,,,,,,,,,,,
